city,date,averageMonthlyPrice
BORDEAUX,2014-01-01,3463.93
BORDEAUX,2014-02-01,3482.75
BORDEAUX,2014-03-01,3499.74
BORDEAUX,2014-04-01,3518.56
BORDEAUX,2014-05-01,3536.77
BORDEAUX,2014-06-01,3555.58
BORDEAUX,2014-07-01,3573.79
BORDEAUX,2014-08-01,3592.61
BORDEAUX,2014-09-01,3611.42
BORDEAUX,2014-10-01,3629.63
BORDEAUX,2014-11-01,3648.45
BORDEAUX,2014-12-01,3666.66
BORDEAUX,2015-01-01,3685.47
BORDEAUX,2015-02-01,3704.29
BORDEAUX,2015-03-01,3721.28
BORDEAUX,2015-04-01,3740.1
BORDEAUX,2015-05-01,3758.31
BORDEAUX,2015-06-01,3777.12
BORDEAUX,2015-07-01,3795.33
BORDEAUX,2015-08-01,3814.15
BORDEAUX,2015-09-01,3832.96
BORDEAUX,2015-10-01,3851.17
BORDEAUX,2015-11-01,3869.99
BORDEAUX,2015-12-01,3888.2
BORDEAUX,2016-01-01,3907.01
BORDEAUX,2016-02-01,3925.83
BORDEAUX,2016-03-01,3943.43
BORDEAUX,2016-04-01,3962.25
BORDEAUX,2016-05-01,3980.46
BORDEAUX,2016-06-01,3999.27
BORDEAUX,2016-07-01,4017.48
BORDEAUX,2016-08-01,4036.3
BORDEAUX,2016-09-01,4055.11
BORDEAUX,2016-10-01,4073.32
BORDEAUX,2016-11-01,4092.14
BORDEAUX,2016-12-01,4110.35
BORDEAUX,2017-01-01,4129.16
BORDEAUX,2017-02-01,4147.98
BORDEAUX,2017-03-01,4164.97
BORDEAUX,2017-04-01,4183.79
BORDEAUX,2017-05-01,4202.0
BORDEAUX,2017-06-01,4220.81
BORDEAUX,2017-07-01,4239.02
BORDEAUX,2017-08-01,4257.84
BORDEAUX,2017-09-01,4276.65
BORDEAUX,2017-10-01,4294.86
BORDEAUX,2017-11-01,4313.68
BORDEAUX,2017-12-01,4331.89
BORDEAUX,2018-01-01,4350.7
BORDEAUX,2018-02-01,4369.52
BORDEAUX,2018-03-01,4386.51
BORDEAUX,2018-04-01,4405.33
BORDEAUX,2018-05-01,4423.54
BORDEAUX,2018-06-01,4442.35
BORDEAUX,2018-07-01,4460.56
BORDEAUX,2018-08-01,4479.38
BORDEAUX,2018-09-01,4498.19
BORDEAUX,2018-10-01,4516.4
BORDEAUX,2018-11-01,4535.22
BORDEAUX,2018-12-01,4553.43
BORDEAUX,2019-01-01,4572.24
BORDEAUX,2019-02-01,4591.06
BORDEAUX,2019-03-01,4608.05
BORDEAUX,2019-04-01,4626.87
BORDEAUX,2019-05-01,4645.08
BORDEAUX,2019-06-01,4663.89
BORDEAUX,2019-07-01,4682.1
BORDEAUX,2019-08-01,4700.92
BORDEAUX,2019-09-01,4719.73
BORDEAUX,2019-10-01,4737.94
BORDEAUX,2019-11-01,4756.76
BORDEAUX,2019-12-01,4774.97
BORDEAUX,2020-01-01,4793.78
BORDEAUX,2020-02-01,4812.6
BORDEAUX,2020-03-01,4830.2
BORDEAUX,2020-04-01,4849.01
BORDEAUX,2020-05-01,4867.22
BORDEAUX,2020-06-01,4886.04
BORDEAUX,2020-07-01,4904.25
BORDEAUX,2020-08-01,4923.06
BORDEAUX,2020-09-01,4941.88
BORDEAUX,2020-10-01,4960.09
BORDEAUX,2020-11-01,4978.9
BORDEAUX,2020-12-01,4997.11
BORDEAUX,2021-01-01,5015.93
BORDEAUX,2021-02-01,5034.74
BORDEAUX,2021-03-01,5051.74
BORDEAUX,2021-04-01,5070.55
BORDEAUX,2021-05-01,5088.76
BORDEAUX,2021-06-01,5107.58
BORDEAUX,2021-07-01,5125.79
BORDEAUX,2021-08-01,5144.6
BORDEAUX,2021-09-01,5163.42
BORDEAUX,2021-10-01,5181.63
BORDEAUX,2021-11-01,5200.44
BORDEAUX,2021-12-01,5218.65
BORDEAUX,2022-01-01,5237.47
BORDEAUX,2022-02-01,5256.28
BORDEAUX,2022-03-01,5273.28
BORDEAUX,2022-04-01,5292.09
BORDEAUX,2022-05-01,5310.3
BORDEAUX,2022-06-01,5329.12
BORDEAUX,2022-07-01,5347.33
BORDEAUX,2022-08-01,5366.14
BORDEAUX,2022-09-01,5384.96
BORDEAUX,2022-10-01,5403.17
BORDEAUX,2022-11-01,5421.98
BORDEAUX,2022-12-01,5440.19
LE HAVRE,2014-01-01,2897.0
LE HAVRE,2014-02-01,2898.06
LE HAVRE,2014-03-01,2899.02
LE HAVRE,2014-04-01,2900.09
LE HAVRE,2014-05-01,2901.11
LE HAVRE,2014-06-01,2902.18
LE HAVRE,2014-07-01,2903.21
LE HAVRE,2014-08-01,2904.27
LE HAVRE,2014-09-01,2905.33
LE HAVRE,2014-10-01,2906.36
LE HAVRE,2014-11-01,2907.43
LE HAVRE,2014-12-01,2908.46
LE HAVRE,2015-01-01,2909.52
LE HAVRE,2015-02-01,2910.58
LE HAVRE,2015-03-01,2911.54
LE HAVRE,2015-04-01,2912.61
LE HAVRE,2015-05-01,2913.64
LE HAVRE,2015-06-01,2914.7
LE HAVRE,2015-07-01,2915.73
LE HAVRE,2015-08-01,2916.79
LE HAVRE,2015-09-01,2917.86
LE HAVRE,2015-10-01,2918.89
LE HAVRE,2015-11-01,2919.95
LE HAVRE,2015-12-01,2920.98
LE HAVRE,2016-01-01,2922.04
LE HAVRE,2016-02-01,2923.11
LE HAVRE,2016-03-01,2924.1
LE HAVRE,2016-04-01,2925.16
LE HAVRE,2016-05-01,2926.19
LE HAVRE,2016-06-01,2927.26
LE HAVRE,2016-07-01,2928.29
LE HAVRE,2016-08-01,2929.35
LE HAVRE,2016-09-01,2930.41
LE HAVRE,2016-10-01,2931.44
LE HAVRE,2016-11-01,2932.51
LE HAVRE,2016-12-01,2933.53
LE HAVRE,2017-01-01,2934.6
LE HAVRE,2017-02-01,2935.66
LE HAVRE,2017-03-01,2936.62
LE HAVRE,2017-04-01,2937.69
LE HAVRE,2017-05-01,2938.71
LE HAVRE,2017-06-01,2939.78
LE HAVRE,2017-07-01,2940.81
LE HAVRE,2017-08-01,2941.87
LE HAVRE,2017-09-01,2942.93
LE HAVRE,2017-10-01,2943.96
LE HAVRE,2017-11-01,2945.03
LE HAVRE,2017-12-01,2946.06
LE HAVRE,2018-01-01,2947.12
LE HAVRE,2018-02-01,2948.18
LE HAVRE,2018-03-01,2949.14
LE HAVRE,2018-04-01,2950.21
LE HAVRE,2018-05-01,2951.24
LE HAVRE,2018-06-01,2952.3
LE HAVRE,2018-07-01,2953.33
LE HAVRE,2018-08-01,2954.39
LE HAVRE,2018-09-01,2955.46
LE HAVRE,2018-10-01,2956.49
LE HAVRE,2018-11-01,2957.55
LE HAVRE,2018-12-01,2958.58
LE HAVRE,2019-01-01,2959.64
LE HAVRE,2019-02-01,2960.71
LE HAVRE,2019-03-01,2961.67
LE HAVRE,2019-04-01,2962.73
LE HAVRE,2019-05-01,2963.76
LE HAVRE,2019-06-01,2964.82
LE HAVRE,2019-07-01,2965.85
LE HAVRE,2019-08-01,2966.91
LE HAVRE,2019-09-01,2967.98
LE HAVRE,2019-10-01,2969.01
LE HAVRE,2019-11-01,2970.07
LE HAVRE,2019-12-01,2971.1
LE HAVRE,2020-01-01,2972.16
LE HAVRE,2020-02-01,2973.23
LE HAVRE,2020-03-01,2974.22
LE HAVRE,2020-04-01,2975.29
LE HAVRE,2020-05-01,2976.31
LE HAVRE,2020-06-01,2977.38
LE HAVRE,2020-07-01,2978.41
LE HAVRE,2020-08-01,2979.47
LE HAVRE,2020-09-01,2980.53
LE HAVRE,2020-10-01,2981.56
LE HAVRE,2020-11-01,2982.63
LE HAVRE,2020-12-01,2983.66
LE HAVRE,2021-01-01,2984.72
LE HAVRE,2021-02-01,2985.78
LE HAVRE,2021-03-01,2986.74
LE HAVRE,2021-04-01,2987.81
LE HAVRE,2021-05-01,2988.84
LE HAVRE,2021-06-01,2989.9
LE HAVRE,2021-07-01,2990.93
LE HAVRE,2021-08-01,2991.99
LE HAVRE,2021-09-01,2993.06
LE HAVRE,2021-10-01,2994.09
LE HAVRE,2021-11-01,2995.15
LE HAVRE,2021-12-01,2996.18
LE HAVRE,2022-01-01,2997.24
LE HAVRE,2022-02-01,2998.31
LE HAVRE,2022-03-01,2999.27
LE HAVRE,2022-04-01,3000.33
LE HAVRE,2022-05-01,3001.36
LE HAVRE,2022-06-01,3002.42
LE HAVRE,2022-07-01,3003.45
LE HAVRE,2022-08-01,3004.51
LE HAVRE,2022-09-01,3005.58
LE HAVRE,2022-10-01,3006.61
LE HAVRE,2022-11-01,3007.67
LE HAVRE,2022-12-01,3008.7
LILLE,2014-01-01,3101.67
LILLE,2014-02-01,3115.2
LILLE,2014-03-01,3127.42
LILLE,2014-04-01,3140.95
LILLE,2014-05-01,3154.04
LILLE,2014-06-01,3167.57
LILLE,2014-07-01,3180.67
LILLE,2014-08-01,3194.2
LILLE,2014-09-01,3207.73
LILLE,2014-10-01,3220.82
LILLE,2014-11-01,3234.35
LILLE,2014-12-01,3247.44
LILLE,2015-01-01,3260.97
LILLE,2015-02-01,3274.5
LILLE,2015-03-01,3286.72
LILLE,2015-04-01,3300.25
LILLE,2015-05-01,3313.34
LILLE,2015-06-01,3326.87
LILLE,2015-07-01,3339.97
LILLE,2015-08-01,3353.5
LILLE,2015-09-01,3367.03
LILLE,2015-10-01,3380.12
LILLE,2015-11-01,3393.65
LILLE,2015-12-01,3406.74
LILLE,2016-01-01,3420.27
LILLE,2016-02-01,3433.8
LILLE,2016-03-01,3446.46
LILLE,2016-04-01,3459.99
LILLE,2016-05-01,3473.08
LILLE,2016-06-01,3486.61
LILLE,2016-07-01,3499.7
LILLE,2016-08-01,3513.23
LILLE,2016-09-01,3526.76
LILLE,2016-10-01,3539.86
LILLE,2016-11-01,3553.39
LILLE,2016-12-01,3566.48
LILLE,2017-01-01,3580.01
LILLE,2017-02-01,3593.54
LILLE,2017-03-01,3605.76
LILLE,2017-04-01,3619.29
LILLE,2017-05-01,3632.38
LILLE,2017-06-01,3645.91
LILLE,2017-07-01,3659.01
LILLE,2017-08-01,3672.53
LILLE,2017-09-01,3686.06
LILLE,2017-10-01,3699.16
LILLE,2017-11-01,3712.69
LILLE,2017-12-01,3725.78
LILLE,2018-01-01,3739.31
LILLE,2018-02-01,3752.84
LILLE,2018-03-01,3765.06
LILLE,2018-04-01,3778.59
LILLE,2018-05-01,3791.68
LILLE,2018-06-01,3805.21
LILLE,2018-07-01,3818.31
LILLE,2018-08-01,3831.84
LILLE,2018-09-01,3845.36
LILLE,2018-10-01,3858.46
LILLE,2018-11-01,3871.99
LILLE,2018-12-01,3885.08
LILLE,2019-01-01,3898.61
LILLE,2019-02-01,3912.14
LILLE,2019-03-01,3924.36
LILLE,2019-04-01,3937.89
LILLE,2019-05-01,3950.98
LILLE,2019-06-01,3964.51
LILLE,2019-07-01,3977.61
LILLE,2019-08-01,3991.14
LILLE,2019-09-01,4004.67
LILLE,2019-10-01,4017.76
LILLE,2019-11-01,4031.29
LILLE,2019-12-01,4044.38
LILLE,2020-01-01,4057.91
LILLE,2020-02-01,4071.44
LILLE,2020-03-01,4084.1
LILLE,2020-04-01,4097.63
LILLE,2020-05-01,4110.72
LILLE,2020-06-01,4124.25
LILLE,2020-07-01,4137.34
LILLE,2020-08-01,4150.87
LILLE,2020-09-01,4164.4
LILLE,2020-10-01,4177.5
LILLE,2020-11-01,4191.03
LILLE,2020-12-01,4204.12
LILLE,2021-01-01,4217.65
LILLE,2021-02-01,4231.18
LILLE,2021-03-01,4243.4
LILLE,2021-04-01,4256.93
LILLE,2021-05-01,4270.02
LILLE,2021-06-01,4283.55
LILLE,2021-07-01,4296.64
LILLE,2021-08-01,4310.17
LILLE,2021-09-01,4323.7
LILLE,2021-10-01,4336.8
LILLE,2021-11-01,4350.33
LILLE,2021-12-01,4363.42
LILLE,2022-01-01,4376.95
LILLE,2022-02-01,4390.48
LILLE,2022-03-01,4402.7
LILLE,2022-04-01,4416.23
LILLE,2022-05-01,4429.32
LILLE,2022-06-01,4442.85
LILLE,2022-07-01,4455.94
LILLE,2022-08-01,4469.47
LILLE,2022-09-01,4483.0
LILLE,2022-10-01,4496.1
LILLE,2022-11-01,4509.63
LILLE,2022-12-01,4522.72
LYON,2014-01-01,3581.69
LYON,2014-02-01,3603.67
LYON,2014-03-01,3623.52
LYON,2014-04-01,3645.5
LYON,2014-05-01,3666.77
LYON,2014-06-01,3688.75
LYON,2014-07-01,3710.02
LYON,2014-08-01,3732.0
LYON,2014-09-01,3753.98
LYON,2014-10-01,3775.25
LYON,2014-11-01,3797.23
LYON,2014-12-01,3818.5
LYON,2015-01-01,3840.48
LYON,2015-02-01,3862.45
LYON,2015-03-01,3882.31
LYON,2015-04-01,3904.29
LYON,2015-05-01,3925.56
LYON,2015-06-01,3947.53
LYON,2015-07-01,3968.8
LYON,2015-08-01,3990.78
LYON,2015-09-01,4012.76
LYON,2015-10-01,4034.03
LYON,2015-11-01,4056.01
LYON,2015-12-01,4077.28
LYON,2016-01-01,4099.26
LYON,2016-02-01,4121.24
LYON,2016-03-01,4141.8
LYON,2016-04-01,4163.78
LYON,2016-05-01,4185.05
LYON,2016-06-01,4207.03
LYON,2016-07-01,4228.3
LYON,2016-08-01,4250.28
LYON,2016-09-01,4272.26
LYON,2016-10-01,4293.53
LYON,2016-11-01,4315.5
LYON,2016-12-01,4336.77
LYON,2017-01-01,4358.75
LYON,2017-02-01,4380.73
LYON,2017-03-01,4400.58
LYON,2017-04-01,4422.56
LYON,2017-05-01,4443.83
LYON,2017-06-01,4465.81
LYON,2017-07-01,4487.08
LYON,2017-08-01,4509.06
LYON,2017-09-01,4531.04
LYON,2017-10-01,4552.31
LYON,2017-11-01,4574.29
LYON,2017-12-01,4595.56
LYON,2018-01-01,4617.54
LYON,2018-02-01,4639.52
LYON,2018-03-01,4659.37
LYON,2018-04-01,4681.35
LYON,2018-05-01,4702.62
LYON,2018-06-01,4724.6
LYON,2018-07-01,4745.87
LYON,2018-08-01,4767.85
LYON,2018-09-01,4789.82
LYON,2018-10-01,4811.09
LYON,2018-11-01,4833.07
LYON,2018-12-01,4854.34
LYON,2019-01-01,4876.32
LYON,2019-02-01,4898.3
LYON,2019-03-01,4918.15
LYON,2019-04-01,4940.13
LYON,2019-05-01,4961.4
LYON,2019-06-01,4983.38
LYON,2019-07-01,5004.65
LYON,2019-08-01,5026.63
LYON,2019-09-01,5048.61
LYON,2019-10-01,5069.88
LYON,2019-11-01,5091.86
LYON,2019-12-01,5113.13
LYON,2020-01-01,5135.11
LYON,2020-02-01,5157.09
LYON,2020-03-01,5177.65
LYON,2020-04-01,5199.63
LYON,2020-05-01,5220.9
LYON,2020-06-01,5242.87
LYON,2020-07-01,5264.14
LYON,2020-08-01,5286.12
LYON,2020-09-01,5308.1
LYON,2020-10-01,5329.37
LYON,2020-11-01,5351.35
LYON,2020-12-01,5372.62
LYON,2021-01-01,5394.6
LYON,2021-02-01,5416.58
LYON,2021-03-01,5436.43
LYON,2021-04-01,5458.41
LYON,2021-05-01,5479.68
LYON,2021-06-01,5501.66
LYON,2021-07-01,5522.93
LYON,2021-08-01,5544.91
LYON,2021-09-01,5566.89
LYON,2021-10-01,5588.16
LYON,2021-11-01,5610.14
LYON,2021-12-01,5631.41
LYON,2022-01-01,5653.38
LYON,2022-02-01,5675.36
LYON,2022-03-01,5695.22
LYON,2022-04-01,5717.19
LYON,2022-05-01,5738.46
LYON,2022-06-01,5760.44
LYON,2022-07-01,5781.71
LYON,2022-08-01,5803.69
LYON,2022-09-01,5825.67
LYON,2022-10-01,5846.94
LYON,2022-11-01,5868.92
LYON,2022-12-01,5890.19
MARSEILLE,2014-01-01,2809.76
MARSEILLE,2014-02-01,2815.1
MARSEILLE,2014-03-01,2819.92
MARSEILLE,2014-04-01,2825.26
MARSEILLE,2014-05-01,2830.43
MARSEILLE,2014-06-01,2835.77
MARSEILLE,2014-07-01,2840.94
MARSEILLE,2014-08-01,2846.28
MARSEILLE,2014-09-01,2851.62
MARSEILLE,2014-10-01,2856.79
MARSEILLE,2014-11-01,2862.13
MARSEILLE,2014-12-01,2867.3
MARSEILLE,2015-01-01,2872.64
MARSEILLE,2015-02-01,2877.98
MARSEILLE,2015-03-01,2882.8
MARSEILLE,2015-04-01,2888.14
MARSEILLE,2015-05-01,2893.31
MARSEILLE,2015-06-01,2898.65
MARSEILLE,2015-07-01,2903.82
MARSEILLE,2015-08-01,2909.16
MARSEILLE,2015-09-01,2914.5
MARSEILLE,2015-10-01,2919.67
MARSEILLE,2015-11-01,2925.01
MARSEILLE,2015-12-01,2930.18
MARSEILLE,2016-01-01,2935.52
MARSEILLE,2016-02-01,2940.86
MARSEILLE,2016-03-01,2945.86
MARSEILLE,2016-04-01,2951.2
MARSEILLE,2016-05-01,2956.37
MARSEILLE,2016-06-01,2961.71
MARSEILLE,2016-07-01,2966.88
MARSEILLE,2016-08-01,2972.22
MARSEILLE,2016-09-01,2977.56
MARSEILLE,2016-10-01,2982.73
MARSEILLE,2016-11-01,2988.07
MARSEILLE,2016-12-01,2993.24
MARSEILLE,2017-01-01,2998.58
MARSEILLE,2017-02-01,3003.92
MARSEILLE,2017-03-01,3008.74
MARSEILLE,2017-04-01,3014.08
MARSEILLE,2017-05-01,3019.25
MARSEILLE,2017-06-01,3024.59
MARSEILLE,2017-07-01,3029.76
MARSEILLE,2017-08-01,3035.1
MARSEILLE,2017-09-01,3040.44
MARSEILLE,2017-10-01,3045.61
MARSEILLE,2017-11-01,3050.95
MARSEILLE,2017-12-01,3056.12
MARSEILLE,2018-01-01,3061.46
MARSEILLE,2018-02-01,3066.8
MARSEILLE,2018-03-01,3071.62
MARSEILLE,2018-04-01,3076.97
MARSEILLE,2018-05-01,3082.13
MARSEILLE,2018-06-01,3087.47
MARSEILLE,2018-07-01,3092.64
MARSEILLE,2018-08-01,3097.98
MARSEILLE,2018-09-01,3103.32
MARSEILLE,2018-10-01,3108.49
MARSEILLE,2018-11-01,3113.83
MARSEILLE,2018-12-01,3119.0
MARSEILLE,2019-01-01,3124.34
MARSEILLE,2019-02-01,3129.68
MARSEILLE,2019-03-01,3134.51
MARSEILLE,2019-04-01,3139.85
MARSEILLE,2019-05-01,3145.02
MARSEILLE,2019-06-01,3150.36
MARSEILLE,2019-07-01,3155.53
MARSEILLE,2019-08-01,3160.87
MARSEILLE,2019-09-01,3166.21
MARSEILLE,2019-10-01,3171.38
MARSEILLE,2019-11-01,3176.72
MARSEILLE,2019-12-01,3181.88
MARSEILLE,2020-01-01,3187.23
MARSEILLE,2020-02-01,3192.57
MARSEILLE,2020-03-01,3197.56
MARSEILLE,2020-04-01,3202.9
MARSEILLE,2020-05-01,3208.07
MARSEILLE,2020-06-01,3213.41
MARSEILLE,2020-07-01,3218.58
MARSEILLE,2020-08-01,3223.92
MARSEILLE,2020-09-01,3229.26
MARSEILLE,2020-10-01,3234.43
MARSEILLE,2020-11-01,3239.77
MARSEILLE,2020-12-01,3244.94
MARSEILLE,2021-01-01,3250.28
MARSEILLE,2021-02-01,3255.62
MARSEILLE,2021-03-01,3260.45
MARSEILLE,2021-04-01,3265.79
MARSEILLE,2021-05-01,3270.95
MARSEILLE,2021-06-01,3276.3
MARSEILLE,2021-07-01,3281.46
MARSEILLE,2021-09-01,3292.14
MARSEILLE,2021-10-01,3297.31
MARSEILLE,2021-11-01,3302.65
MARSEILLE,2021-12-01,3307.82
MARSEILLE,2022-01-01,3313.16
MARSEILLE,2022-02-01,3318.5
MARSEILLE,2022-03-01,3323.33
MARSEILLE,2022-04-01,3328.67
MARSEILLE,2022-05-01,3333.84
MARSEILLE,2022-06-01,3339.18
MARSEILLE,2022-07-01,3344.35
MARSEILLE,2022-08-01,3349.69
MARSEILLE,2022-09-01,3355.03
MARSEILLE,2022-10-01,3360.2
MARSEILLE,2022-11-01,3365.54
MARSEILLE,2022-12-01,3370.71
MONTPELLIER,2014-01-01,3325.98
MONTPELLIER,2014-02-01,3331.33
MONTPELLIER,2014-03-01,3336.16
MONTPELLIER,2014-04-01,3341.51
MONTPELLIER,2014-05-01,3346.68
MONTPELLIER,2014-06-01,3352.03
MONTPELLIER,2014-07-01,3357.2
MONTPELLIER,2014-08-01,3362.55
MONTPELLIER,2014-09-01,3367.9
MONTPELLIER,2014-10-01,3373.07
MONTPELLIER,2014-11-01,3378.42
MONTPELLIER,2014-12-01,3383.59
MONTPELLIER,2015-01-01,3388.94
MONTPELLIER,2015-02-01,3394.28
MONTPELLIER,2015-03-01,3399.11
MONTPELLIER,2015-04-01,3404.46
MONTPELLIER,2015-05-01,3409.63
MONTPELLIER,2015-06-01,3414.98
MONTPELLIER,2015-07-01,3420.16
MONTPELLIER,2015-08-01,3425.5
MONTPELLIER,2015-09-01,3430.85
MONTPELLIER,2015-10-01,3436.02
MONTPELLIER,2015-11-01,3441.37
MONTPELLIER,2015-12-01,3446.54
MONTPELLIER,2016-01-01,3451.89
MONTPELLIER,2016-02-01,3457.24
MONTPELLIER,2016-03-01,3462.24
MONTPELLIER,2016-04-01,3467.59
MONTPELLIER,2016-05-01,3472.76
MONTPELLIER,2016-06-01,3478.11
MONTPELLIER,2016-07-01,3483.28
MONTPELLIER,2016-08-01,3488.63
MONTPELLIER,2016-09-01,3493.98
MONTPELLIER,2016-10-01,3499.15
MONTPELLIER,2016-11-01,3504.5
MONTPELLIER,2016-12-01,3509.67
MONTPELLIER,2017-01-01,3515.02
MONTPELLIER,2017-02-01,3520.36
MONTPELLIER,2017-03-01,3525.19
MONTPELLIER,2017-04-01,3530.54
MONTPELLIER,2017-05-01,3535.72
MONTPELLIER,2017-06-01,3541.06
MONTPELLIER,2017-07-01,3546.24
MONTPELLIER,2017-08-01,3551.58
MONTPELLIER,2017-09-01,3556.93
MONTPELLIER,2017-10-01,3562.1
MONTPELLIER,2017-11-01,3567.45
MONTPELLIER,2017-12-01,3572.63
MONTPELLIER,2018-01-01,3577.97
MONTPELLIER,2018-02-01,3583.32
MONTPELLIER,2018-03-01,3588.15
MONTPELLIER,2018-04-01,3593.49
MONTPELLIER,2018-05-01,3598.67
MONTPELLIER,2018-06-01,3604.02
MONTPELLIER,2018-07-01,3609.19
MONTPELLIER,2018-08-01,3614.54
MONTPELLIER,2018-09-01,3619.88
MONTPELLIER,2018-10-01,3625.06
MONTPELLIER,2018-11-01,3630.4
MONTPELLIER,2018-12-01,3635.58
MONTPELLIER,2019-01-01,3640.93
MONTPELLIER,2019-02-01,3646.27
MONTPELLIER,2019-03-01,3651.1
MONTPELLIER,2019-04-01,3656.45
MONTPELLIER,2019-05-01,3661.62
MONTPELLIER,2019-06-01,3666.97
MONTPELLIER,2019-07-01,3672.14
MONTPELLIER,2019-08-01,3677.49
MONTPELLIER,2019-09-01,3682.84
MONTPELLIER,2019-10-01,3688.01
MONTPELLIER,2019-11-01,3693.36
MONTPELLIER,2019-12-01,3698.53
MONTPELLIER,2020-01-01,3703.88
MONTPELLIER,2020-02-01,3709.23
MONTPELLIER,2020-03-01,3714.23
MONTPELLIER,2020-04-01,3719.58
MONTPELLIER,2020-05-01,3724.75
MONTPELLIER,2020-06-01,3730.1
MONTPELLIER,2020-07-01,3735.27
MONTPELLIER,2020-08-01,3740.62
MONTPELLIER,2020-09-01,3745.96
MONTPELLIER,2020-10-01,3751.14
MONTPELLIER,2020-11-01,3756.49
MONTPELLIER,2020-12-01,3761.66
MONTPELLIER,2021-01-01,3767.01
MONTPELLIER,2021-02-01,3772.35
MONTPELLIER,2021-03-01,3777.18
MONTPELLIER,2021-04-01,3782.53
MONTPELLIER,2021-05-01,3787.7
MONTPELLIER,2021-06-01,3793.05
MONTPELLIER,2021-07-01,3798.22
MONTPELLIER,2021-08-01,3803.57
MONTPELLIER,2021-09-01,3808.92
MONTPELLIER,2021-10-01,3814.09
MONTPELLIER,2021-11-01,3819.44
MONTPELLIER,2021-12-01,3824.61
MONTPELLIER,2022-01-01,3829.96
MONTPELLIER,2022-02-01,3835.31
MONTPELLIER,2022-03-01,3840.14
MONTPELLIER,2022-04-01,3845.48
MONTPELLIER,2022-05-01,3850.66
MONTPELLIER,2022-06-01,3856.0
MONTPELLIER,2022-07-01,3861.18
MONTPELLIER,2022-08-01,3866.53
MONTPELLIER,2022-09-01,3871.87
MONTPELLIER,2022-10-01,3877.05
MONTPELLIER,2022-11-01,3882.39
MONTPELLIER,2022-12-01,3887.57
NANTES,2014-01-01,2773.55
NANTES,2014-02-01,2786.82
NANTES,2014-03-01,2798.8
NANTES,2014-04-01,2812.07
NANTES,2014-05-01,2824.91
NANTES,2014-06-01,2838.18
NANTES,2014-07-01,2851.02
NANTES,2014-08-01,2864.29
NANTES,2014-09-01,2877.56
NANTES,2014-10-01,2890.4
NANTES,2014-11-01,2903.66
NANTES,2014-12-01,2916.5
NANTES,2015-01-01,2929.77
NANTES,2015-02-01,2943.04
NANTES,2015-03-01,2955.03
NANTES,2015-04-01,2968.29
NANTES,2015-05-01,2981.13
NANTES,2015-06-01,2994.4
NANTES,2015-07-01,3007.24
NANTES,2015-08-01,3020.51
NANTES,2015-09-01,3033.78
NANTES,2015-10-01,3046.62
NANTES,2015-11-01,3059.89
NANTES,2015-12-01,3072.73
NANTES,2016-01-01,3086.0
NANTES,2016-02-01,3099.26
NANTES,2016-03-01,3111.68
NANTES,2016-04-01,3124.94
NANTES,2016-05-01,3137.78
NANTES,2016-06-01,3151.05
NANTES,2016-07-01,3163.89
NANTES,2016-08-01,3177.16
NANTES,2016-09-01,3190.43
NANTES,2016-10-01,3203.27
NANTES,2016-11-01,3216.54
NANTES,2016-12-01,3229.38
NANTES,2017-01-01,3242.65
NANTES,2017-02-01,3255.91
NANTES,2017-03-01,3267.9
NANTES,2017-04-01,3281.17
NANTES,2017-05-01,3294.01
NANTES,2017-06-01,3307.28
NANTES,2017-07-01,3320.12
NANTES,2017-08-01,3333.38
NANTES,2017-09-01,3346.65
NANTES,2017-10-01,3359.49
NANTES,2017-11-01,3372.76
NANTES,2017-12-01,3385.6
NANTES,2018-01-01,3398.87
NANTES,2018-02-01,3412.14
NANTES,2018-03-01,3424.12
NANTES,2018-04-01,3437.39
NANTES,2018-05-01,3450.23
NANTES,2018-06-01,3463.5
NANTES,2018-07-01,3476.34
NANTES,2018-08-01,3489.61
NANTES,2018-09-01,3502.87
NANTES,2018-10-01,3515.71
NANTES,2018-11-01,3528.98
NANTES,2018-12-01,3541.82
NANTES,2019-01-01,3555.09
NANTES,2019-02-01,3568.36
NANTES,2019-03-01,3580.34
NANTES,2019-04-01,3593.61
NANTES,2019-05-01,3606.45
NANTES,2019-06-01,3619.72
NANTES,2019-07-01,3632.56
NANTES,2019-08-01,3645.83
NANTES,2019-09-01,3659.1
NANTES,2019-10-01,3671.94
NANTES,2019-11-01,3685.21
NANTES,2019-12-01,3698.05
NANTES,2020-01-01,3711.31
NANTES,2020-02-01,3724.58
NANTES,2020-03-01,3736.99
NANTES,2020-04-01,3750.26
NANTES,2020-05-01,3763.1
NANTES,2020-06-01,3776.37
NANTES,2020-07-01,3789.21
NANTES,2020-08-01,3802.48
NANTES,2020-09-01,3815.75
NANTES,2020-10-01,3828.59
NANTES,2020-11-01,3841.86
NANTES,2020-12-01,3854.7
NANTES,2021-01-01,3867.96
NANTES,2021-02-01,3881.23
NANTES,2021-03-01,3893.22
NANTES,2021-04-01,3906.49
NANTES,2021-05-01,3919.33
NANTES,2021-06-01,3932.59
NANTES,2021-07-01,3945.43
NANTES,2021-08-01,3958.7
NANTES,2021-09-01,3971.97
NANTES,2021-10-01,3984.81
NANTES,2021-11-01,3998.08
NANTES,2021-12-01,4010.92
NANTES,2022-01-01,4024.19
NANTES,2022-02-01,4037.46
NANTES,2022-03-01,4049.44
NANTES,2022-04-01,4062.71
NANTES,2022-05-01,4075.55
NANTES,2022-06-01,4088.82
NANTES,2022-07-01,4101.66
NANTES,2022-08-01,4114.92
NANTES,2022-09-01,4128.19
NANTES,2022-10-01,4141.03
NANTES,2022-11-01,4154.3
NANTES,2022-12-01,4167.14
NICE,2014-01-01,3988.78
NICE,2014-02-01,3998.56
NICE,2014-03-01,4007.39
NICE,2014-04-01,4017.17
NICE,2014-05-01,4026.63
NICE,2014-06-01,4036.41
NICE,2014-07-01,4045.87
NICE,2014-08-01,4055.65
NICE,2014-09-01,4065.42
NICE,2014-10-01,4074.88
NICE,2014-11-01,4084.66
NICE,2014-12-01,4094.12
NICE,2015-01-01,4103.9
NICE,2015-02-01,4113.68
NICE,2015-03-01,4122.51
NICE,2015-04-01,4132.28
NICE,2015-05-01,4141.75
NICE,2015-06-01,4151.52
NICE,2015-07-01,4160.98
NICE,2015-08-01,4170.76
NICE,2015-09-01,4180.54
NICE,2015-10-01,4190.0
NICE,2015-11-01,4199.78
NICE,2015-12-01,4209.24
NICE,2016-01-01,4219.02
NICE,2016-02-01,4228.79
NICE,2016-03-01,4237.94
NICE,2016-04-01,4247.72
NICE,2016-05-01,4257.18
NICE,2016-06-01,4266.95
NICE,2016-07-01,4276.42
NICE,2016-08-01,4286.19
NICE,2016-09-01,4295.97
NICE,2016-10-01,4305.43
NICE,2016-11-01,4315.21
NICE,2016-12-01,4324.67
NICE,2017-01-01,4334.45
NICE,2017-02-01,4344.22
NICE,2017-03-01,4353.06
NICE,2017-04-01,4362.83
NICE,2017-05-01,4372.29
NICE,2017-06-01,4382.07
NICE,2017-07-01,4391.53
NICE,2017-08-01,4401.31
NICE,2017-09-01,4411.09
NICE,2017-10-01,4420.55
NICE,2017-11-01,4430.33
NICE,2017-12-01,4439.79
NICE,2018-01-01,4449.56
NICE,2018-02-01,4459.34
NICE,2018-03-01,4468.17
NICE,2018-04-01,4477.95
NICE,2018-05-01,4487.41
NICE,2018-06-01,4497.19
NICE,2018-07-01,4506.65
NICE,2018-08-01,4516.43
NICE,2018-09-01,4526.2
NICE,2018-10-01,4535.67
NICE,2018-11-01,4545.44
NICE,2018-12-01,4554.9
NICE,2019-01-01,4564.68
NICE,2019-02-01,4574.46
NICE,2019-03-01,4583.29
NICE,2019-04-01,4593.07
NICE,2019-05-01,4602.53
NICE,2019-06-01,4612.3
NICE,2019-07-01,4621.77
NICE,2019-08-01,4631.54
NICE,2019-09-01,4641.32
NICE,2019-10-01,4650.78
NICE,2019-11-01,4660.56
NICE,2019-12-01,4670.02
NICE,2020-01-01,4679.8
NICE,2020-02-01,4689.57
NICE,2020-03-01,4698.72
NICE,2020-04-01,4708.5
NICE,2020-05-01,4717.96
NICE,2020-06-01,4727.74
NICE,2020-07-01,4737.2
NICE,2020-08-01,4746.97
NICE,2020-09-01,4756.75
NICE,2020-10-01,4766.21
NICE,2020-11-01,4775.99
NICE,2020-12-01,4785.45
NICE,2021-01-01,4795.23
NICE,2021-02-01,4805.01
NICE,2021-03-01,4813.84
NICE,2021-04-01,4823.61
NICE,2021-05-01,4833.08
NICE,2021-06-01,4842.85
NICE,2021-07-01,4852.31
NICE,2021-08-01,4862.09
NICE,2021-09-01,4871.87
NICE,2021-10-01,4881.33
NICE,2021-11-01,4891.11
NICE,2021-12-01,4900.57
NICE,2022-01-01,4910.35
NICE,2022-02-01,4920.12
NICE,2022-03-01,4928.95
NICE,2022-04-01,4938.73
NICE,2022-05-01,4948.19
NICE,2022-06-01,4957.97
NICE,2022-07-01,4967.43
NICE,2022-08-01,4977.21
NICE,2022-09-01,4986.98
NICE,2022-10-01,4996.45
NICE,2022-11-01,5006.22
NICE,2022-12-01,5015.68
PARIS,2014-01-01,8048.73
PARIS,2014-02-01,8082.33
PARIS,2014-03-01,8112.69
PARIS,2014-04-01,8146.3
PARIS,2014-05-01,8178.82
PARIS,2014-06-01,8212.43
PARIS,2014-07-01,8244.95
PARIS,2014-08-01,8278.56
PARIS,2014-09-01,8312.16
PARIS,2014-10-01,8344.69
PARIS,2014-11-01,8378.3
PARIS,2014-12-01,8410.82
PARIS,2015-01-01,8444.43
PARIS,2015-02-01,8478.03
PARIS,2015-03-01,8508.39
PARIS,2015-04-01,8542.0
PARIS,2015-05-01,8574.52
PARIS,2015-06-01,8608.13
PARIS,2015-07-01,8640.65
PARIS,2015-08-01,8674.26
PARIS,2015-09-01,8707.87
PARIS,2015-10-01,8740.39
PARIS,2015-11-01,8774.0
PARIS,2015-12-01,8806.52
PARIS,2016-01-01,8840.13
PARIS,2016-02-01,8873.73
PARIS,2016-03-01,8905.17
PARIS,2016-04-01,8938.78
PARIS,2016-05-01,8971.3
PARIS,2016-06-01,9004.91
PARIS,2016-07-01,9037.43
PARIS,2016-08-01,9071.04
PARIS,2016-09-01,9104.65
PARIS,2016-10-01,9137.17
PARIS,2016-11-01,9170.78
PARIS,2016-12-01,9203.3
PARIS,2017-01-01,9236.91
PARIS,2017-02-01,9270.52
PARIS,2017-03-01,9300.87
PARIS,2017-04-01,9334.48
PARIS,2017-05-01,9367.0
PARIS,2017-06-01,9400.61
PARIS,2017-07-01,9433.14
PARIS,2017-08-01,9466.74
PARIS,2017-09-01,9500.35
PARIS,2017-10-01,9532.87
PARIS,2017-11-01,9566.48
PARIS,2017-12-01,9599.0
PARIS,2018-01-01,9632.61
PARIS,2018-02-01,9666.22
PARIS,2018-03-01,9696.57
PARIS,2018-04-01,9730.18
PARIS,2018-05-01,9762.71
PARIS,2018-06-01,9796.31
PARIS,2018-07-01,9828.84
PARIS,2018-08-01,9862.44
PARIS,2018-09-01,9896.05
PARIS,2018-10-01,9928.57
PARIS,2018-11-01,9962.18
PARIS,2018-12-01,9994.71
PARIS,2019-01-01,10028.31
PARIS,2019-02-01,10061.92
PARIS,2019-03-01,10092.28
PARIS,2019-04-01,10125.88
PARIS,2019-05-01,10158.41
PARIS,2019-06-01,10192.01
PARIS,2019-07-01,10224.54
PARIS,2019-08-01,10258.14
PARIS,2019-09-01,10291.75
PARIS,2019-10-01,10324.27
PARIS,2019-11-01,10357.88
PARIS,2019-12-01,10390.41
PARIS,2020-01-01,10424.01
PARIS,2020-02-01,10457.62
PARIS,2020-03-01,10489.06
PARIS,2020-04-01,10522.67
PARIS,2020-05-01,10555.19
PARIS,2020-06-01,10588.8
PARIS,2020-07-01,10621.32
PARIS,2020-08-01,10654.93
PARIS,2020-09-01,10688.54
PARIS,2020-10-01,10721.06
PARIS,2020-11-01,10754.67
PARIS,2020-12-01,10787.19
PARIS,2021-01-01,10820.8
PARIS,2021-02-01,10854.41
PARIS,2021-03-01,10884.76
PARIS,2021-04-01,10918.37
PARIS,2021-05-01,10950.89
PARIS,2021-06-01,10984.5
PARIS,2021-07-01,11017.02
PARIS,2021-08-01,11050.63
PARIS,2021-09-01,11084.24
PARIS,2021-10-01,11116.76
PARIS,2021-11-01,11150.37
PARIS,2021-12-01,11182.89
PARIS,2022-01-01,11216.5
PARIS,2022-02-01,11250.11
PARIS,2022-03-01,11280.46
PARIS,2022-04-01,11314.07
PARIS,2022-05-01,11346.59
PARIS,2022-06-01,11380.2
PARIS,2022-07-01,11412.72
PARIS,2022-08-01,11446.33
PARIS,2022-09-01,11479.94
PARIS,2022-10-01,11512.46
PARIS,2022-11-01,11546.07
PARIS,2022-12-01,11578.59
REIMS,2014-01-01,2651.36
REIMS,2014-02-01,2659.66
REIMS,2014-03-01,2667.16
REIMS,2014-04-01,2675.46
REIMS,2014-05-01,2683.49
REIMS,2014-06-01,2691.79
REIMS,2014-07-01,2699.82
REIMS,2014-08-01,2708.12
REIMS,2014-09-01,2716.42
REIMS,2014-10-01,2724.45
REIMS,2014-11-01,2732.75
REIMS,2014-12-01,2740.78
REIMS,2015-01-01,2749.08
REIMS,2015-02-01,2757.38
REIMS,2015-03-01,2764.88
REIMS,2015-04-01,2773.18
REIMS,2015-05-01,2781.21
REIMS,2015-06-01,2789.51
REIMS,2015-07-01,2797.54
REIMS,2015-08-01,2805.84
REIMS,2015-09-01,2814.14
REIMS,2015-10-01,2822.18
REIMS,2015-11-01,2830.47
REIMS,2015-12-01,2838.51
REIMS,2016-01-01,2846.81
REIMS,2016-02-01,2855.11
REIMS,2016-03-01,2862.87
REIMS,2016-04-01,2871.17
REIMS,2016-05-01,2879.2
REIMS,2016-06-01,2887.5
REIMS,2016-07-01,2895.53
REIMS,2016-08-01,2903.83
REIMS,2016-09-01,2912.13
REIMS,2016-10-01,2920.17
REIMS,2016-11-01,2928.46
REIMS,2016-12-01,2936.5
REIMS,2017-01-01,2944.8
REIMS,2017-02-01,2953.1
REIMS,2017-03-01,2960.59
REIMS,2017-04-01,2968.89
REIMS,2017-05-01,2976.92
REIMS,2017-06-01,2985.22
REIMS,2017-07-01,2993.26
REIMS,2017-08-01,3001.56
REIMS,2017-09-01,3009.86
REIMS,2017-10-01,3017.89
REIMS,2017-11-01,3026.19
REIMS,2017-12-01,3034.22
REIMS,2018-01-01,3042.52
REIMS,2018-02-01,3050.82
REIMS,2018-03-01,3058.31
REIMS,2018-04-01,3066.61
REIMS,2018-05-01,3074.65
REIMS,2018-06-01,3082.95
REIMS,2018-07-01,3090.98
REIMS,2018-08-01,3099.28
REIMS,2018-09-01,3107.58
REIMS,2018-10-01,3115.61
REIMS,2018-11-01,3123.91
REIMS,2018-12-01,3131.94
REIMS,2019-01-01,3140.24
REIMS,2019-02-01,3148.54
REIMS,2019-03-01,3156.04
REIMS,2019-04-01,3164.34
REIMS,2019-05-01,3172.37
REIMS,2019-06-01,3180.67
REIMS,2019-07-01,3188.7
REIMS,2019-08-01,3197.0
REIMS,2019-09-01,3205.3
REIMS,2019-10-01,3213.33
REIMS,2019-11-01,3221.63
REIMS,2019-12-01,3229.66
REIMS,2020-01-01,3237.96
REIMS,2020-02-01,3246.26
REIMS,2020-03-01,3254.03
REIMS,2020-04-01,3262.33
REIMS,2020-05-01,3270.36
REIMS,2020-06-01,3278.66
REIMS,2020-07-01,3286.69
REIMS,2020-08-01,3294.99
REIMS,2020-09-01,3303.29
REIMS,2020-10-01,3311.32
REIMS,2020-11-01,3319.62
REIMS,2020-12-01,3327.65
REIMS,2021-01-01,3335.95
REIMS,2021-02-01,3344.25
REIMS,2021-03-01,3351.75
REIMS,2021-04-01,3360.05
REIMS,2021-05-01,3368.08
REIMS,2021-06-01,3376.38
REIMS,2021-07-01,3384.41
REIMS,2021-08-01,3392.71
REIMS,2021-09-01,3401.01
REIMS,2021-10-01,3409.04
REIMS,2021-11-01,3417.34
REIMS,2021-12-01,3425.38
REIMS,2022-01-01,3433.68
REIMS,2022-02-01,3441.97
REIMS,2022-03-01,3449.47
REIMS,2022-04-01,3457.77
REIMS,2022-05-01,3465.8
REIMS,2022-06-01,3474.1
REIMS,2022-07-01,3482.13
REIMS,2022-08-01,3490.43
REIMS,2022-09-01,3498.73
REIMS,2022-10-01,3506.77
REIMS,2022-11-01,3515.07
REIMS,2022-12-01,3523.1
RENNES,2014-01-01,2930.07
RENNES,2014-02-01,2942.65
RENNES,2014-03-01,2954.02
RENNES,2014-04-01,2966.6
RENNES,2014-05-01,2978.78
RENNES,2014-06-01,2991.36
RENNES,2014-07-01,3003.54
RENNES,2014-08-01,3016.12
RENNES,2014-09-01,3028.7
RENNES,2014-10-01,3040.88
RENNES,2014-11-01,3053.46
RENNES,2014-12-01,3065.64
RENNES,2015-01-01,3078.22
RENNES,2015-02-01,3090.8
RENNES,2015-03-01,3102.17
RENNES,2015-04-01,3114.75
RENNES,2015-05-01,3126.93
RENNES,2015-06-01,3139.51
RENNES,2015-07-01,3151.69
RENNES,2015-08-01,3164.27
RENNES,2015-09-01,3176.85
RENNES,2015-10-01,3189.03
RENNES,2015-11-01,3201.61
RENNES,2015-12-01,3213.79
RENNES,2016-01-01,3226.37
RENNES,2016-02-01,3238.95
RENNES,2016-03-01,3250.72
RENNES,2016-04-01,3263.31
RENNES,2016-05-01,3275.48
RENNES,2016-06-01,3288.07
RENNES,2016-07-01,3300.24
RENNES,2016-08-01,3312.82
RENNES,2016-09-01,3325.41
RENNES,2016-10-01,3337.58
RENNES,2016-11-01,3350.17
RENNES,2016-12-01,3362.34
RENNES,2017-01-01,3374.93
RENNES,2017-02-01,3387.51
RENNES,2017-03-01,3398.87
RENNES,2017-04-01,3411.46
RENNES,2017-05-01,3423.63
RENNES,2017-06-01,3436.21
RENNES,2017-07-01,3448.39
RENNES,2017-08-01,3460.97
RENNES,2017-09-01,3473.56
RENNES,2017-10-01,3485.73
RENNES,2017-11-01,3498.32
RENNES,2017-12-01,3510.49
RENNES,2018-01-01,3523.07
RENNES,2018-02-01,3535.66
RENNES,2018-03-01,3547.02
RENNES,2018-04-01,3559.6
RENNES,2018-05-01,3571.78
RENNES,2018-06-01,3584.36
RENNES,2018-07-01,3596.54
RENNES,2018-08-01,3609.12
RENNES,2018-09-01,3621.71
RENNES,2018-10-01,3633.88
RENNES,2018-11-01,3646.46
RENNES,2018-12-01,3658.64
RENNES,2019-01-01,3671.22
RENNES,2019-02-01,3683.81
RENNES,2019-03-01,3695.17
RENNES,2019-04-01,3707.75
RENNES,2019-05-01,3719.93
RENNES,2019-06-01,3732.51
RENNES,2019-07-01,3744.69
RENNES,2019-08-01,3757.27
RENNES,2019-09-01,3769.85
RENNES,2019-10-01,3782.03
RENNES,2019-11-01,3794.61
RENNES,2019-12-01,3806.79
RENNES,2020-01-01,3819.37
RENNES,2020-02-01,3831.96
RENNES,2020-03-01,3843.73
RENNES,2020-04-01,3856.31
RENNES,2020-05-01,3868.49
RENNES,2020-06-01,3881.07
RENNES,2020-07-01,3893.24
RENNES,2020-08-01,3905.83
RENNES,2020-09-01,3918.41
RENNES,2020-10-01,3930.59
RENNES,2020-11-01,3943.17
RENNES,2020-12-01,3955.35
RENNES,2021-01-01,3967.93
RENNES,2021-02-01,3980.51
RENNES,2021-03-01,3991.88
RENNES,2021-04-01,4004.46
RENNES,2021-05-01,4016.63
RENNES,2021-06-01,4029.22
RENNES,2021-07-01,4041.39
RENNES,2021-08-01,4053.98
RENNES,2021-09-01,4066.56
RENNES,2021-10-01,4078.74
RENNES,2021-11-01,4091.32
RENNES,2021-12-01,4103.5
RENNES,2022-01-01,4116.08
RENNES,2022-02-01,4128.66
RENNES,2022-03-01,4140.03
RENNES,2022-04-01,4152.61
RENNES,2022-05-01,4164.78
RENNES,2022-06-01,4177.37
RENNES,2022-07-01,4189.54
RENNES,2022-08-01,4202.13
RENNES,2022-09-01,4214.71
RENNES,2022-10-01,4226.89
RENNES,2022-11-01,4239.47
RENNES,2022-12-01,4251.64
SAINT-ETIENNE,2014-01-01,1505.32
SAINT-ETIENNE,2014-02-01,1508.89
SAINT-ETIENNE,2014-03-01,1512.12
SAINT-ETIENNE,2014-04-01,1515.69
SAINT-ETIENNE,2014-05-01,1519.15
SAINT-ETIENNE,2014-06-01,1522.72
SAINT-ETIENNE,2014-07-01,1526.17
SAINT-ETIENNE,2014-08-01,1529.75
SAINT-ETIENNE,2014-09-01,1533.32
SAINT-ETIENNE,2014-10-01,1536.77
SAINT-ETIENNE,2014-11-01,1540.34
SAINT-ETIENNE,2014-12-01,1543.8
SAINT-ETIENNE,2015-01-01,1547.37
SAINT-ETIENNE,2015-02-01,1550.94
SAINT-ETIENNE,2015-03-01,1554.17
SAINT-ETIENNE,2015-04-01,1557.74
SAINT-ETIENNE,2015-05-01,1561.2
SAINT-ETIENNE,2015-06-01,1564.77
SAINT-ETIENNE,2015-07-01,1568.22
SAINT-ETIENNE,2015-08-01,1571.79
SAINT-ETIENNE,2015-09-01,1575.36
SAINT-ETIENNE,2015-10-01,1578.82
SAINT-ETIENNE,2015-11-01,1582.39
SAINT-ETIENNE,2015-12-01,1585.85
SAINT-ETIENNE,2016-01-01,1589.42
SAINT-ETIENNE,2016-02-01,1592.99
SAINT-ETIENNE,2016-03-01,1596.33
SAINT-ETIENNE,2016-04-01,1599.9
SAINT-ETIENNE,2016-05-01,1603.36
SAINT-ETIENNE,2016-06-01,1606.93
SAINT-ETIENNE,2016-07-01,1610.39
SAINT-ETIENNE,2016-08-01,1613.96
SAINT-ETIENNE,2016-09-01,1617.53
SAINT-ETIENNE,2016-10-01,1620.98
SAINT-ETIENNE,2016-11-01,1624.56
SAINT-ETIENNE,2016-12-01,1628.01
SAINT-ETIENNE,2017-01-01,1631.58
SAINT-ETIENNE,2017-02-01,1635.15
SAINT-ETIENNE,2017-03-01,1638.38
SAINT-ETIENNE,2017-04-01,1641.95
SAINT-ETIENNE,2017-05-01,1645.41
SAINT-ETIENNE,2017-06-01,1648.98
SAINT-ETIENNE,2017-07-01,1652.43
SAINT-ETIENNE,2017-08-01,1656.0
SAINT-ETIENNE,2017-09-01,1659.58
SAINT-ETIENNE,2017-10-01,1663.03
SAINT-ETIENNE,2017-11-01,1666.6
SAINT-ETIENNE,2017-12-01,1670.06
SAINT-ETIENNE,2018-01-01,1673.63
SAINT-ETIENNE,2018-02-01,1677.2
SAINT-ETIENNE,2018-03-01,1680.43
SAINT-ETIENNE,2018-04-01,1684.0
SAINT-ETIENNE,2018-05-01,1687.45
SAINT-ETIENNE,2018-06-01,1691.03
SAINT-ETIENNE,2018-07-01,1694.48
SAINT-ETIENNE,2018-08-01,1698.05
SAINT-ETIENNE,2018-09-01,1701.62
SAINT-ETIENNE,2018-10-01,1705.08
SAINT-ETIENNE,2018-11-01,1708.65
SAINT-ETIENNE,2018-12-01,1712.11
SAINT-ETIENNE,2019-01-01,1715.68
SAINT-ETIENNE,2019-02-01,1719.25
SAINT-ETIENNE,2019-03-01,1722.48
SAINT-ETIENNE,2019-04-01,1726.05
SAINT-ETIENNE,2019-05-01,1729.5
SAINT-ETIENNE,2019-06-01,1733.07
SAINT-ETIENNE,2019-07-01,1736.53
SAINT-ETIENNE,2019-08-01,1740.1
SAINT-ETIENNE,2019-09-01,1743.67
SAINT-ETIENNE,2019-10-01,1747.13
SAINT-ETIENNE,2019-11-01,1750.7
SAINT-ETIENNE,2019-12-01,1754.16
SAINT-ETIENNE,2020-01-01,1757.73
SAINT-ETIENNE,2020-02-01,1761.3
SAINT-ETIENNE,2020-03-01,1764.64
SAINT-ETIENNE,2020-04-01,1768.21
SAINT-ETIENNE,2020-05-01,1771.67
SAINT-ETIENNE,2020-06-01,1775.24
SAINT-ETIENNE,2020-07-01,1778.69
SAINT-ETIENNE,2020-08-01,1782.26
SAINT-ETIENNE,2020-09-01,1785.84
SAINT-ETIENNE,2020-10-01,1789.29
SAINT-ETIENNE,2020-11-01,1792.86
SAINT-ETIENNE,2020-12-01,1796.32
SAINT-ETIENNE,2021-01-01,1799.89
SAINT-ETIENNE,2021-02-01,1803.46
SAINT-ETIENNE,2021-03-01,1806.69
SAINT-ETIENNE,2021-04-01,1810.26
SAINT-ETIENNE,2021-05-01,1813.71
SAINT-ETIENNE,2021-06-01,1817.28
SAINT-ETIENNE,2021-07-01,1820.74
SAINT-ETIENNE,2021-08-01,1824.31
SAINT-ETIENNE,2021-09-01,1827.88
SAINT-ETIENNE,2021-10-01,1831.34
SAINT-ETIENNE,2021-11-01,1834.91
SAINT-ETIENNE,2021-12-01,1838.37
SAINT-ETIENNE,2022-01-01,1841.94
SAINT-ETIENNE,2022-02-01,1845.51
SAINT-ETIENNE,2022-03-01,1848.73
SAINT-ETIENNE,2022-04-01,1852.31
SAINT-ETIENNE,2022-05-01,1855.76
SAINT-ETIENNE,2022-06-01,1859.33
SAINT-ETIENNE,2022-07-01,1862.79
SAINT-ETIENNE,2022-08-01,1866.36
SAINT-ETIENNE,2022-09-01,1869.93
SAINT-ETIENNE,2022-10-01,1873.39
SAINT-ETIENNE,2022-11-01,1876.96
SAINT-ETIENNE,2022-12-01,1880.41
TOULON,2014-01-01,2720.28
TOULON,2014-02-01,2724.06
TOULON,2014-03-01,2727.47
TOULON,2014-04-01,2731.24
TOULON,2014-05-01,2734.89
TOULON,2014-06-01,2738.67
TOULON,2014-07-01,2742.32
TOULON,2014-08-01,2746.1
TOULON,2014-09-01,2749.87
TOULON,2014-10-01,2753.53
TOULON,2014-11-01,2757.3
TOULON,2014-12-01,2760.95
TOULON,2015-01-01,2764.73
TOULON,2015-02-01,2768.5
TOULON,2015-03-01,2771.91
TOULON,2015-04-01,2775.69
TOULON,2015-05-01,2779.34
TOULON,2015-06-01,2783.12
TOULON,2015-07-01,2786.77
TOULON,2015-08-01,2790.55
TOULON,2015-09-01,2794.32
TOULON,2015-10-01,2797.98
TOULON,2015-11-01,2801.75
TOULON,2015-12-01,2805.4
TOULON,2016-01-01,2809.18
TOULON,2016-02-01,2812.95
TOULON,2016-03-01,2816.49
TOULON,2016-04-01,2820.26
TOULON,2016-05-01,2823.91
TOULON,2016-06-01,2827.69
TOULON,2016-07-01,2831.34
TOULON,2016-08-01,2835.12
TOULON,2016-09-01,2838.89
TOULON,2016-10-01,2842.55
TOULON,2016-11-01,2846.32
TOULON,2016-12-01,2849.97
TOULON,2017-01-01,2853.75
TOULON,2017-02-01,2857.53
TOULON,2017-03-01,2860.93
TOULON,2017-04-01,2864.71
TOULON,2017-05-01,2868.36
TOULON,2017-06-01,2872.14
TOULON,2017-07-01,2875.79
TOULON,2017-08-01,2879.57
TOULON,2017-09-01,2883.34
TOULON,2017-10-01,2887.0
TOULON,2017-11-01,2890.77
TOULON,2017-12-01,2894.42
TOULON,2018-01-01,2898.2
TOULON,2018-02-01,2901.97
TOULON,2018-03-01,2905.38
TOULON,2018-04-01,2909.16
TOULON,2018-05-01,2912.81
TOULON,2018-06-01,2916.59
TOULON,2018-07-01,2920.24
TOULON,2018-08-01,2924.02
TOULON,2018-09-01,2927.79
TOULON,2018-10-01,2931.45
TOULON,2018-11-01,2935.22
TOULON,2018-12-01,2938.87
TOULON,2019-01-01,2942.65
TOULON,2019-02-01,2946.42
TOULON,2019-03-01,2949.83
TOULON,2019-04-01,2953.61
TOULON,2019-05-01,2957.26
TOULON,2019-06-01,2961.04
TOULON,2019-07-01,2964.69
TOULON,2019-08-01,2968.47
TOULON,2019-09-01,2972.24
TOULON,2019-10-01,2975.89
TOULON,2019-11-01,2979.67
TOULON,2019-12-01,2983.32
TOULON,2020-01-01,2987.1
TOULON,2020-02-01,2990.87
TOULON,2020-03-01,2994.4
TOULON,2020-04-01,2998.18
TOULON,2020-05-01,3001.83
TOULON,2020-06-01,3005.61
TOULON,2020-07-01,3009.26
TOULON,2020-08-01,3013.04
TOULON,2020-09-01,3016.81
TOULON,2020-10-01,3020.47
TOULON,2020-11-01,3024.24
TOULON,2020-12-01,3027.89
TOULON,2021-01-01,3031.67
TOULON,2021-02-01,3035.44
TOULON,2021-03-01,3038.85
TOULON,2021-04-01,3042.63
TOULON,2021-05-01,3046.28
TOULON,2021-06-01,3050.06
TOULON,2021-07-01,3053.71
TOULON,2021-08-01,3057.49
TOULON,2021-09-01,3061.26
TOULON,2021-10-01,3064.92
TOULON,2021-11-01,3068.69
TOULON,2021-12-01,3072.34
TOULON,2022-01-01,3076.12
TOULON,2022-02-01,3079.89
TOULON,2022-03-01,3083.3
TOULON,2022-04-01,3087.08
TOULON,2022-05-01,3090.73
TOULON,2022-06-01,3094.51
TOULON,2022-07-01,3098.16
TOULON,2022-08-01,3101.94
TOULON,2022-09-01,3105.71
TOULON,2022-10-01,3109.36
TOULON,2022-11-01,3113.14
TOULON,2022-12-01,3116.79
TOULOUSE,2014-01-01,3039.61
TOULOUSE,2014-02-01,3047.1
TOULOUSE,2014-03-01,3053.86
TOULOUSE,2014-04-01,3061.35
TOULOUSE,2014-05-01,3068.6
TOULOUSE,2014-06-01,3076.09
TOULOUSE,2014-07-01,3083.33
TOULOUSE,2014-08-01,3090.82
TOULOUSE,2014-09-01,3098.31
TOULOUSE,2014-10-01,3105.56
TOULOUSE,2014-11-01,3113.05
TOULOUSE,2014-12-01,3120.29
TOULOUSE,2015-01-01,3127.78
TOULOUSE,2015-02-01,3135.27
TOULOUSE,2015-03-01,3142.03
TOULOUSE,2015-04-01,3149.52
TOULOUSE,2015-05-01,3156.77
TOULOUSE,2015-06-01,3164.26
TOULOUSE,2015-07-01,3171.5
TOULOUSE,2015-08-01,3178.99
TOULOUSE,2015-09-01,3186.48
TOULOUSE,2015-10-01,3193.73
TOULOUSE,2015-11-01,3201.22
TOULOUSE,2015-12-01,3208.46
TOULOUSE,2016-01-01,3215.95
TOULOUSE,2016-02-01,3223.44
TOULOUSE,2016-03-01,3230.45
TOULOUSE,2016-04-01,3237.94
TOULOUSE,2016-05-01,3245.18
TOULOUSE,2016-06-01,3252.67
TOULOUSE,2016-07-01,3259.92
TOULOUSE,2016-08-01,3267.41
TOULOUSE,2016-09-01,3274.9
TOULOUSE,2016-10-01,3282.14
TOULOUSE,2016-11-01,3289.63
TOULOUSE,2016-12-01,3296.88
TOULOUSE,2017-01-01,3304.37
TOULOUSE,2017-02-01,3311.86
TOULOUSE,2017-03-01,3318.62
TOULOUSE,2017-04-01,3326.11
TOULOUSE,2017-05-01,3333.36
TOULOUSE,2017-06-01,3340.84
TOULOUSE,2017-07-01,3348.09
TOULOUSE,2017-08-01,3355.58
TOULOUSE,2017-09-01,3363.07
TOULOUSE,2017-10-01,3370.32
TOULOUSE,2017-11-01,3377.8
TOULOUSE,2017-12-01,3385.05
TOULOUSE,2018-01-01,3392.54
TOULOUSE,2018-02-01,3400.03
TOULOUSE,2018-03-01,3406.79
TOULOUSE,2018-04-01,3414.28
TOULOUSE,2018-05-01,3421.53
TOULOUSE,2018-06-01,3429.02
TOULOUSE,2018-07-01,3436.26
TOULOUSE,2018-08-01,3443.75
TOULOUSE,2018-09-01,3451.24
TOULOUSE,2018-10-01,3458.49
TOULOUSE,2018-11-01,3465.98
TOULOUSE,2018-12-01,3473.22
TOULOUSE,2019-01-01,3480.71
TOULOUSE,2019-02-01,3488.2
TOULOUSE,2019-03-01,3494.96
TOULOUSE,2019-04-01,3502.45
TOULOUSE,2019-05-01,3509.7
TOULOUSE,2019-06-01,3517.19
TOULOUSE,2019-07-01,3524.44
TOULOUSE,2019-08-01,3531.92
TOULOUSE,2019-09-01,3539.41
TOULOUSE,2019-10-01,3546.66
TOULOUSE,2019-11-01,3554.15
TOULOUSE,2019-12-01,3561.4
TOULOUSE,2020-01-01,3568.88
TOULOUSE,2020-02-01,3576.37
TOULOUSE,2020-03-01,3583.38
TOULOUSE,2020-04-01,3590.87
TOULOUSE,2020-05-01,3598.11
TOULOUSE,2020-06-01,3605.6
TOULOUSE,2020-07-01,3612.85
TOULOUSE,2020-08-01,3620.34
TOULOUSE,2020-09-01,3627.83
TOULOUSE,2020-10-01,3635.07
TOULOUSE,2020-11-01,3642.56
TOULOUSE,2020-12-01,3649.81
TOULOUSE,2021-01-01,3657.3
TOULOUSE,2021-02-01,3664.79
TOULOUSE,2021-03-01,3671.55
TOULOUSE,2021-04-01,3679.04
TOULOUSE,2021-05-01,3686.29
TOULOUSE,2021-06-01,3693.78
TOULOUSE,2021-07-01,3701.02
TOULOUSE,2021-08-01,3708.51
TOULOUSE,2021-09-01,3716.0
TOULOUSE,2021-10-01,3723.25
TOULOUSE,2021-11-01,3730.74
TOULOUSE,2021-12-01,3737.98
TOULOUSE,2022-01-01,3745.47
TOULOUSE,2022-02-01,3752.96
TOULOUSE,2022-03-01,3759.72
TOULOUSE,2022-04-01,3767.21
TOULOUSE,2022-05-01,3774.46
TOULOUSE,2022-06-01,3781.95
TOULOUSE,2022-07-01,3789.2
TOULOUSE,2022-08-01,3796.68
TOULOUSE,2022-09-01,3804.17
TOULOUSE,2022-10-01,3811.42
TOULOUSE,2022-11-01,3818.91
TOULOUSE,2022-12-01,3826.16
